first,orphan,fastTrack,breakthrough,priority,accelerated,initClinicalStudy,nctDate,therapeuticClass,substanceClass,moleculeType,name,ingredients,dateString,use,modeOfAction,innovationCategories,bla,press,trials,unii,pharmacology,target
,,,,1,,2011,7/1/2011,Endocrinology,chemical,peptide,Giapreza,angiotensin II,12/21/2017,Increase blood pressure in adults with septic or other distributive shock,septic shock,?,New treatment option for critically ill hypotensive patients,209360,ucm590249,,M089EFU921,Agonist,angiotensin II receptor type 1
,1,,,,,2007,?,Endocrinology,chemical,small molecule,Macrilen,macimorelin,12/20/2017,Diagnosis of patients with adult growth hormone deficiency (AGHD),growth hormone deficiency diagnostic,?,,205598,,,8680B21W73,Agonist,growth hormone secretagogue receptor
,,,,,,2009,?,Endocrinology,chemical,small molecule,Steglujan,ertugliflozin,12/19/2017,Indicated as an adjunct to diet and exercise to improve glycemic control in adults with type 2 diabetes mellitus when treatment with both ertugliflozin and sitagliptin is appropriate.,type 2 diabetes mellitus,?,?,209803,,,6C282481IP,Antagonist,Sodium/glucose cotransporter 2
1,1,,1,1,,2007,?,Opthamology,gene therapy,virus,Luxturna,voretigene neparvovec,12/19/2017,Adeno-associated virus vector-based gene therapy indicated for the treatment of patients with confirmed biallelic RPE65 mutation-associated retinal dystrophy.,RPE65 retinal dystrophy,?,First rare-disease gene therapy approved,125610,ucm589467,,2SPI046IKD,Gene therapy,RPE65
,,,,,,2012,?,Opthamology,chemical,small molecule,Rhopressa,netarsudil,12/18/2017,Rho kinase inhibitor indicated for the reduction of elevated intraocular pressure in patients with open-angle glaucoma or ocular hypertension.,ocular hypertension,?,?,208254,,,W6I5QDT7QI,Inhibitor,Rho kinase and Norepinephrine transporter
,,,,,,2009,7/12/2011,Infectious disease,chemical,small molecule,Xepi,ozenoxacin,12/11/2017,To treat impetigo,impetigo,?,?,208945,,,V0LH498RFO,Inhibitor,Bacterial DNA gyrase
,,,,,,2008,6/11/2008,Endocrinology,protein,peptide,Ozempic,semaglutide,12/5/2017,To improve glycemic control in adults with type 2 diabetes mellitus,type 2 diabetes mellitus,?,?,209637,,,53AXN4NNHX,Agonist,Glucagon-like peptide-1 receptor
1,1,,1,1,,2012,12/2/2015,Hematology,protein,antibody,Hemlibra,emicizumab,11/16/2017,To prevent or reduce the frequency of bleeding episodes in adult and pediatric patients with hemophilia A who have developed antibodies called Factor VIII (FVIII) inhibitors,hemophilia A,?,First-in-class therapy that works by bridging coagulation factor IX and to factor X,761083,ucm585567,,7NL2E3F6K3,Antagonist,Factor VIII (FVIII) inhibitor antobodies
1,1,1,,1,,2013,5/8/2013,Endocrinology,protein,enzyme,Mepsevii,vestronidase alfa,11/15/2017,To treat pediatric and adult patients with an inherited metabolic condition called mucopolysaccharidosis type VII (MPS VII)- also known as Sly syndrome.,mucopolysaccharidosis type VII,?,First FDA-approved treatment for mucopolysaccharidosis type VII,761047,ucm585308,,7XZ4062R17,Enzyme replacement,Vestronidase alfa
,,,,,,2008,4/11/2008,Respiratory,protein,antibody,Fasenra,benralizumab,11/14/2017,For add-on maintenance treatment of patients with severe asthma aged 12 years and older- and with an eosinophilic phenotype,severe asthma,?,?,761070,,ucm586076,71492GE1FX,Antagonist,Interleukin-5 receptor
1,1,1,,1,,2010,2/4/2010,Infectious disease,chemical,small molecule,Prevymis,letermovir,11/8/2017,To prevent infection after bone marrow transplant,cytomegalovirus,?,First new medicine for CMV infection approved in 15 years,209939,,ucm587123,1H09Y5WO1F,Inhibitor,Cytomegalovirus
,,,,,,2007,10/11/2010,Opthamology,chemical,small molecule,Vyzulta,latanoprostene bunod,11/2/2017,To treat intraocular pressure in patients with open-angle glaucoma or ocular hypertension.,ocular hypertension,?,?,207795,,ucm585409,I6393O0922,Agonist,Nitrous oxide-donating prostaglandin
,1,,1,1,1,2014,1/6/2014,Hematology,chemical,small molecule,Calquence,acalabrutinib,10/31/2017,To treat adults with mantle cell lymphoma,mantle cell lymphoma,?,2nd generation Bruton's tyrosine kinase inhibitor,210259,ucm583076,ucm585780,I42748ELQW,Inhibitor,Tyrosine-protein kinase BTK
,1,,1,1,,2015,1/22/2015,Hematology,gene therapy,T cell,Yescarta,axicabtagene ciloleucel,10/18/2017,To treat adult patients with certain types of large B-cell lymphoma who have not responded to or who have relapsed after at least two other kinds of treatment,B-cell lymphoma,?,Second gene therapy ever approved,125643,ucm581216,,U2I8T43Y7R,Cytotoxic,anti-CD19 chimeric antigen receptor T-cells
,,1,1,1,,2011,7/12/2011,Oncology,chemical,small molecule,Verzenio,abemaciclib,9/28/2017,To treat certain advanced or metastatic breast cancers,breast cancer,?,?,208716,ucm578071,ucm580765,60UAB198HK,Inhibitor,Cyclin-dependent kinase 4 and 6
,,1,,1,,2008,1/22/2008,Infectious disease,chemical,small molecule,Solosec,secnidazole,9/15/2017,To treat bacterial vaginosis,bacterial vaginosis,?,?,209363,,ucm577042,R3459K699K,Inhibitor,Trichomonas vaginalis
,1,1,,1,1,2009,8/19/2009,Hematology,chemical,small molecule,Aliqopa,copanlisib,9/14/2017,To treat adults with relapsed follicular lymphoma,follicular lymphoma,?,?,209936,ucm576129,ucm577548,WI6V529FZ9,Inhibitor,PI3-kinase
1,1,,1,1,,2010,6/17/2014,Hematology,gene therapy,T cell,Kymriah,tisagenlecleucel,8/30/2017,To treat certain pediatric and young adult patients with a form of acute lymphoblastic leukemia,acute lymphoblastic leukemia,?,First gene therapy ever approved,125646,ucm574058,,Q6C9WHR03O,Cytotoxic,anti-CD19 chimeric antigen receptor T-cells
,,1,,1,,2012,12/13/2012,Opthamology,chemical,small molecule,Vabomere,vaborbactam,8/29/2017,To treat adults with complicated urinary tract infections,urinary tract infections,?,?,209776,ucm573955,ucm576380,1C75676F8V,Inhibitor,beta-lactamase activity
,1,,,1,1,1992,7/21/2005,Infectious disease,chemical,small molecule,benznidazole,benznidazole,8/29/2017,To treat children ages 2 to 12 years old with Chagas disease,Chagas disease,?,First US approval to treat Chagas Disease,209570,ucm573942,ucm576378,YC42NRJ1ZD,Substrate,Pyruvate:ferredoxin oxidoreductase
1,1,,1,1,,2003,12/4/2003,Hematology,protein,antibody,Besponsa,inotuzumab ozogamicin,8/17/2017,To treat adults with relapsed or refractory acute lymphoblastic leukemia,acute lymphoblastic leukemia,?,?,761040,ucm572131,ucm573493,P93RUU11P7,,
,,1,1,1,,2013,11/21/2013,Infectious disease,chemical,small molecule,Mavyret,glecaprevir,8/3/2017,To treat adults with chronic hepatitis C virus,hepatitis C,?,?,209394,ucm570038,ucm571769,K6BUU8J72P,,
,,1,1,1,,2013,11/21/2013,Infectious disease,chemical,small molecule,Mavyret,pibrentasvir,8/3/2017,To treat adults with chronic hepatitis C virus,hepatitis C,?,?,209394,ucm570038,ucm571769,2WU922TK3L,,
1,1,1,,1,,2013,7/31/2013,Hematology,chemical,small molecule,Idhifa,enasidenib,8/1/2017,To treat relapsed or refractory acute myeloid leukemia,acute myeloid leukemia,?,?,209606,ucm569421,ucm571802,3T1SS4E7AG,Inhibitor,"Isocitrate dehydrogenase [NADP], mitochondrial"
,,1,1,1,,2014,7/7/2014,Infectious disease,chemical,small molecule,Vosevi,voxilaprevir,7/18/2017,To treat adults with chronic hepatitis C virus,hepatitis C,?,?,209195,ucm567467,ucm569725,0570F37359,,
,,,,,,2009,2/6/2009,Oncology,chemical,small molecule,Nerlynx,neratinib,7/17/2017,To reduce the risk of breast cancer returning,breast cancer,?,?,208051,ucm567309,ucm568138,9RM7XY23ZS,Inhibitor,Epidermal growth factor receptor erbB1 and erbB-2
,,,,1,,2009,9/2/2011,Dermatology,protein,antibody,Tremfya,guselkumab,7/13/2017,For the treatment of adult patients with moderate-to-severe plaque psoriasis,psoriasis,?,?,761061,,ucm568274,089658A12D,,
1,,1,,1,,2006,9/11/2006,Hematology,chemical,small molecule,Bevyxxa,betrixaban,6/23/2017,For the prophylaxis of venous thromboembolism (VTE) in adult patients hospitalized for an acute medical illness,venous thromboembolism,?,?,208383,,ucm567362,74RWP7W0J9,Inhibitor,Coagulation factor X
,,1,,1,,2008,7/18/2008,Infectious disease,chemical,small molecule,Baxdela,delafloxacin,6/19/2017,To treat patients with acute bacterial skin infections,bacterial skin infection,?,?,208610,,ucm565472,6315412YVF,Inhibitor,Antibacterial antibiotic
,,,,,,2007,12/2/2009,Rheumatology,protein,antibody,Kevzara,sarilumab,5/22/2017,To treat adult rheumatoid arthritis,rheumatoid arthritis,?,?,761037,,ucm562381,NU90V55F8I,,
1,1,,,,,2005,9/8/2005,Neurology,chemical,small molecule,Radicava,edaravone,5/5/2017,To treat patients with amyotrophic lateral sclerosis (ALS),amyotrophic lateral sclerosis (ALS),?,US approval of Japanese antioxidant therapy for ALS,209176,ucm557102,ucm558438,S798V6YJRP,,
,,,1,1,1,2012,9/14/2012,Oncology,protein,antibody,Imfinzi,durvalumab,5/1/2017,To treat patients with locally advanced or metastatic urothelial carcinoma,urothelial carcinoma,?,?,761069,ucm555930,ucm558005,28X28X9OKV,,
,1,,1,1,1,2011,9/30/2011,Hematology,chemical,small molecule,Alunbrig,brigatinib,4/28/2017,To treat patients with anaplastic lymphoma kinase (ALK)-positive metastatic non-small cell lung cancer (NSCLC) who have progressed on or are intolerant to crizotinib,non-small cell lung cancer,?,?,208772,,ucm556907,HYW8DB273J,Inhibitor,ALK tyrosine kinase receptor
,,,,,,2007,10/10/2007,Osteology,protein,peptide,Tymlos,abaloparatide,4/28/2017,To treat osteoporosis in postmenopausal women at high risk of fracture or those who have failed other therapies,osteoporosis,?,?,208743,,ucm560331,AVK0I6HY2U,,
1,1,1,1,1,,2002,9/16/2002,Hematology,chemical,small molecule,Rydapt,midostaurin,4/28/2017,To treat acute myeloid leukemia,acute myeloid leukemia,?,?,207997,ucm555778,ucm557479,ID912S5VON,Inhibitor,Receptor-type tyrosine-protein kinase FLT3
1,1,,1,1,,2013,7/24/2013,Neurology,protein,enzyme,Brineura,cerliponase alfa,4/27/2017,To treat a specific form of Batten disease,Batten disease,?,First enzyme replacement therapy for a form of Batten disease,761052,ucm555613,ucm560183,X8R2D92QP1,,
,,1,1,1,,2010,12/21/2010,Neurology,chemical,small molecule,Ingrezza,valbenazine,4/11/2017,To treat adults with tardive dyskinesia,tardive dyskinesia,?,?,209241,ucm537040,ucm556168,54K37P50KH,,
,1,,,,,2013,2/20/2013,Neurology,chemical,small molecule,Austedo,deutetrabenazine,4/3/2017,For the treatment of chorea associated with Huntington’s disease,chorea associated with Huntington’s disease,?,First deuterated drug approval,208082,,ucm553488,P341G6W9NB,,
1,,,1,1,,2010,3/9/2011,Dermatology,protein,antibody,Dupixent,dupilumab,3/28/2017,To treat adults with moderate-to-severe eczema (atopic dermatitis),eczema,?,?,761055,ucm549078,ucm550803,420K487FSG,Inhibitor,interleukin-4 receptor alpha
1,,1,1,1,,2004,2/12/2004,Neurology,protein,antibody,Ocrevus,ocrelizumab,3/28/2017,To treat patients with relapsing and primary progressive forms of multiple sclerosis,multiple sclerosis,?,?,761053,ucm549325,ucm553004,A10SJL62JY,,
,1,1,1,1,,2008,9/5/2008,Oncology,chemical,small molecule,Zejula,niraparib,3/27/2017,"For the maintenance treatment for recurrent epithelial ovarian, fallopian tube or primary peritoneal cancers",peritoneal cancer,?,?,208447,ucm548948,ucm552068,HMC2H89N35,Inhibitor,Poly [ADP-ribose] polymerase 1 and 2
,1,1,1,1,1,2013,1/14/2013,Oncology,protein,antibody,Bavencio,avelumab,3/23/2017,To treat metastatic Merkel cell carcinoma,Merkel cell carcinoma,?,First treatment for rare form of skin cancer,761049,ucm548278,ucm551133,KXG2PJ551I,,
,,,,,,2010,5/10/2010,Gastroenterology,chemical,small molecule,Symproic,naldemedine,3/23/2017,For the treatment of opioid-induced constipation,opioid-induced constipation,?,?,208854,,ucm550343,03KSI6WLXH,,
,,,,,,2003,2/13/2008,Neurology,chemical,small molecule,Xadago,safinamide,3/21/2017,To treat complications of Parkinson’s disease,complications of Parkinson’s disease,?,First innovative drug for PD-related motor fluctuations in more than a decade ,207145,ucm547852,ucm552460,90ENL74SIG,Blocker|Inhibitor,Monoamine oxidase B|Sodium channel alpha subunit|glutamate secretion
,,,1,1,,2010,11/5/2010,Oncology,chemical,small molecule,Kisqali,ribociclib,3/13/2017,To treat postmenopausal women with a type of advanced breast cancer,breast cancer,?,?,209092,,ucm547960,TK8ERE8P56,Inhibitor,Cyclin-dependent kinase 4 and 6
1,1,1,,1,,2007,2/25/2009,Oncology,chemical,small molecule,Xermelo,telotristat ethyl,2/28/2017,To treat carcinoid syndrome diarrhea,carcinoid syndrome diarrhea,?,First tryptophan hydroxylase inhibitor,208794,ucm544035,ucm546637,8G388563M7,Inhibitor,tryptophan hydroxylase 1
,,,,,,2008,10/9/2008,Dermatology,protein,antibody,Siliq,brodalumab,2/15/2017,To treat adults with moderate-to-severe plaque psoriasis,psoriasis,?,First IL-17 receptor antagonist,761032,ucm541981,ucm543623,6ZA31Y954Z,Antagonist,interleukin-17 receptor
1,1,1,,1,,2006,9/6/2007,Neurology,chemical,small molecule,Emflaza,deflazacort,2/9/2017,To treat patients age 5 years and older with Duchenne muscular dystrophy (DMD),Duchenne muscular dystrophy,?,US approval of established corticosteroid therapy for Duchenne muscular dystrophy,208684,ucm540945,ucm544351,KR5YZ6AE4B,Agonist,glucocorticoid receptor
,,,,,,2010,5/28/2010,Endocrinology,chemical,peptide,Parsabiv,etelcalcetide,2/8/2017,To treat secondary hyperparathyroidism in adult patients with chronic kidney disease undergoing dialysis,hyperparathyroidism,?,?,208325,,ucm540898,60ME133FJB,,
,,,,,,2008,9/6/2011,Gastroenterology,protein,peptide,Trulance,plecanatide,1/19/2017,To treat Chronic Idiopathic Constipation (CIC) in adult patients,chronic idiopathic constipation,?,?,208745,ucm537725,ucm538309,7IK8Z952OK,,
1,1,1,,1,,2011,12/13/2011,Neurology,antisense oligomer,antisense oligo,Spinraza,nusinersen,12/23/2016,To treat children and adults with spinal muscular atrophy (SMA),spinal muscular atrophy,?,?,,,,5Z9SP3X666,,
,1,,1,1,1,2008,4/22/2008,Oncology,chemical,small molecule,Rubraca,rucaparib,12/19/2016,To treat women with a certain type of ovarian cancer,ovarian cancer,?,?,,,,8237F3U7EH,Inhibitor,"PARP 1, 2 and 3"
,,,1,,,2008,9/17/2008,Dermatology,chemical,small molecule,Eucrisa,crisaborole,12/14/2016,To treat mild to moderate eczema (atopic dermatitis) in patients two years of age and older,eczema,?,?,,,,Q2R47HGR7P,Inhibitor,"cAMP-specific 3',5'-cyclic phosphodiesterase 4A and 4B"
1,,1,,1,,2006,6/9/2017,Infectious disease,protein,antibody,Zinplava,bezlotoxumab,10/21/2016,To reduce the recurrence of Clostridium difficile infection in patients aged 18 years or older,Clostridium difficile,?,?,,,,4H5YMK1H2E,,
,1,1,,1,1,2006,12/22/2014,Oncology,protein,antibody,Lartruvo,olaratumab,10/19/2016,To treat adults with certain types of soft tissue sarcoma,soft tissue sarcoma,?,?,,,,TT6HN20MVF,,
1,1,1,,1,1,2005,9/8/2005,Neurology,antisense oligomer,antisense oligo (morpholino),Exondys 51,eteplirsen,9/19/2016,To treat patients with Duchenne muscular dystrophy,Duchenne muscular dystrophy,,First drug for Duchenne muscular dystrophy,,ucm521263,,AIW6036FAS,,
,,,,,,2002,3/6/2006,Endocrinology,protein,peptide,Adlyxin,lixisenatide,7/27/2016,To improve glycemic control (blood sugar levels),type 2 diabetes mellitus,,,,,,74O62BB01U,,
1,,,,1,,2008,4/15/2009,Opthamology,chemical,small molecule,Xiidra,lifitegrast,7/11/2016,To treat the signs and symptoms of dry eye disease,dry eye disease,,First-in-class LFA-1 antagonist,,ucm510720,,038E5L962W,antagonist,lymphocyte function-associated antigen 1
,,1,1,1,,2012,11/26/2012,Infectious disease,chemical,small molecule,Epclusa,velpatasvir,6/28/2016,To treat all six major forms of hepatitis C virus,hepatitis C,,,,,,KCU0C7RS7Z,Inhibitor,Nonstructural protein 5A
,1,,,1,,2012,1/29/2012,Oncology,chemical,peptide,NETSPOT,gallium 68 dotatate,6/1/2016,A diagnostic imaging agent to detect rare neuroendocrine tumors,neuroendocrine tumor diagnostic,labeled somatostatin analogue,,,,,9L17Y0H71P,,
1,1,1,,1,1,2006,7/13/2007,Gastroenterology,chemical,small molecule,Ocaliva,obeticholic acid,5/27/2016,"To treat rare, chronic liver disease",chronic liver disease,bile acid analogue,,,ucm503964,,0462Z4S4OZ,Agonist,Bile acid receptor FXR
,,,,1,,2003,11/20/2007,Oncology,chemical,small molecule,Axumin,fluciclovine F 18,5/27/2016,A  new diagnostic imaging agent to detect recurrent prostate cancer,prostate cancer diagnostic,,,,,,38R1Q0L1ZE,,
1,,,,,,1994,11/3/1999,Neurology,protein,antibody,Zinbryta,daclizumab,5/27/2016,To treat multiple sclerosis,multiple sclerosis,,,,ucm504000,,CUJ2MVI71Y,,
,,,1,1,1,2011,6/16/2011,Oncology,protein,antibody,Tecentriq,atezolizumab,5/18/2016,To treat urothelial carcinoma- the most common type of bladder cancer,urothelial carcinoma,,,,,,52CMI0WC3Y,,
1,,,1,1,,2003,11/18/2016,Neurology,chemical,small molecule,Nuplazid,pimavanserin,4/29/2016,To treat hallucinations and delusions associated with psychosis experienced by some people with Parkinson’s disease,,,First drug to treat hallucinations and delusions associated with Parkinson’s disease,,ucm498442,,JZ963P0DIK,Inverse Agonist,Serotonin 2a (5-HT2a) receptor
1,1,,1,1,1,2011,4/1/2011,Oncology,chemical,small molecule,Venclexta,venetoclax,4/11/2016,For chronic lymphocytic leukemia in patients with a specific chromosomal abnormality,chronic lymphocytic leukemia,BCL-2 inhibitor,First-in-class BCL-2 inhibitor,,ucm495253,,N54AIC43PW,Inhibitor,Apoptosis regulator Bcl-2
1,1,1,,1,,1999,11/1/1999,Hematology,polymer,polydisperse oligonucleotide,Defitelio,defibrotide sodium,3/30/2016,To treat adults and children who develop hepatic veno-occlusive disease with additional kidney or lung abnormalities after they receive a stem cell transplant from blood or bone marrow called hematopoietic stem cell transplantation,severe hepatic veno-occlusive disease,,First drug for severe hepatic veno-occlusive disease,,ucm493225,,L7CHH2B2J0,,
,,,,,,1997,6/15/2001,Respiratory,protein,antibody,Cinqair,reslizumab,3/23/2016,To treat severe asthma,severe asthma,,,,,,35A26E427H,,
,,,,,,2008,11/4/2010,Rheumatology,protein,antibody,Taltz,ixekizumab,3/22/2016,To treat adults with moderate-to-severe plaque psoriasis. ,psoriasis,,,,,,BTY153760O,,
,1,1,,,,2005,8/26/2005,Infectious disease,protein,antibody,Anthim,obiltoxaximab,3/18/2016,To treat inhalational anthrax in combination with appropriate antibacterial drugs.,inhalational anthrax,,,,,,29Z5DNL48C,,
,,,,,,2002,9/6/2005,Neurology,chemical,small molecule,Briviact,brivaracetam,2/18/2016,To treat partial onset seizures in patients age 16 years and older with epilepsy.,partial onset seizures,,,,,,U863JGG2IA,Modulator,Synaptic vesicle glycoprotein 2A
,,,1,1,,2009,10/20/2009,Infectious disease,chemical,small molecule,Zepatier,grazoprevir,1/28/2016,To treat patients with chronic hepatitis C virus (HCV) genotypes 1 and 4 infections in adult patients.,hepatitis C,,,,,,4O2AB118LA,Inhibitor,"UniProtKB - Q91RS4, NS3 protease, Hepatitis C virus"
,1,,,,,?,4/2/2010,Hematology,chemical,small molecule,Uptravi,selexipag,12/22/2015,To treat pulmonary arterial hypertension,pulmonary arterial hypertension,?,?,,,,5EXC0E384L,Agonist|Inhibitor,Prostanoid IP receptor
,,,,,,?,8/7/2009,Hematology,chemical,small molecule,Zurampic,lesinurad,12/22/2015,To treat high blood uric acid levels associated with gout,gout,?,?,,,,09ERP08I3W,Inhibitor,Solute carrier family 22 member 11 and 12
1,,,,1,,?,3/1/2006,Neurology,chemical,small molecule,Bridion,sugammadex,12/15/2015,To reverse effects of neuromuscular blocking drugs used during surgery,,?,First drug approved in new class of medications,,ucm477512,,361LPM2T56,Binding Agent,rocuronium and vecuronium
,1,,1,1,1,?,4/26/2012,Oncology,chemical,small molecule,Alecensa,alectinib,12/11/2015,To treat ALK-positive lung cancer,lung cancer,?,?,,,,LIJ4CT1Z3Y,Inhibitor,ALK tyrosine kinase receptor
1,1,1,1,1,,?,3/1/2011,Hepatology,protein,enzyme,Kanuma,sebelipase alfa,12/8/2015,To treat patients with a rare disease known as lysosomal acid lipase (LAL) deficiency,lysosomal acid lipase (LAL) deficiency,?,"First drug for lysosomal acid lipase (LAL) deficiency",,,,K4YTU42T8G,,
1,1,,1,1,,?,1/18/2007,Hematology,protein,antibody,Empliciti,elotuzumab,11/30/2015,To treat people with multiple myeloma who have received one to three prior medications,multiple myeloma,?,Second monoclonal antibody for multiple myeloma,,ucm474684,,1351PE5UGS,,
,1,1,,,,?,1/7/2013,Oncology,protein,antibody,Portrazza,necitumumab,11/24/2015,To treat patients with advanced (metastatic) squamous non-small cell lung cancer (NSCLC) who have not previously received medication specifically for treating their advanced lung cancer,squamous non-small cell lung cancer,?,?,,,,2BT4C47RUI,,
,1,,,1,,?,1/26/2009,Hematology,chemical,small molecule,Ninlaro,ixazomib,11/20/2015,To treat people with multiple myeloma who have received at least one prior therapy,multiple myeloma,?,?,,,,71050168A2,Inhibitor,Proteasome subunit beta type-5
1,1,1,1,1,1,?,12/14/2007,Hematology,protein,antibody,Darzalex,daratumumab,11/16/2015,To treat patients with multiple myeloma who have received at least three prior treatments.,multiple myeloma,?,First monoclonal antibody for multiple myeloma,,,,4Z63YK6E0E,,
,1,1,1,1,1,?,2/25/2013,Oncology,chemical,small molecule,Tagrisso,osimertinib,11/13/2015,To treat certain patients with non-small cell lung cancer,non-small cell lung cancer,?,?,,,,3C06JJ0Z2O,Inhibitor,Epidermal growth factor receptor
,1,1,,1,,?,4/18/2007,Oncology,chemical,small molecule,Cotellic,cobimetinib,11/10/2015,"To be used in combination with vemurafenib to treat advanced melanoma that has spread to other parts of the body or can’t be removed by surgery, and that has a certain type of abnormal gene (BRAF V600E or V600K mutation)",melanoma,?,?,,,,ER29L26N1X,Inhibitor,Dual specificity mitogen-activated protein kinase kinase 1
,,1,,,,?,7/26/2002,Infectious disease,chemical,small molecule,Genvoya,elvitegravir,11/5/2015,For use as a complete regimen for the treatment of HIV-1 infection in adults and pediatric patients 12 years of age and older,HIV-1,?,?,,,,4GDQ854U53,Inhibitor,Human immunodeficiency virus type 1 integrase
1,,,,,,?,7/7/2004,Respiratory,protein,antibody,Nucala,mepolizumab,11/4/2015,For use with other asthma medicines for the maintenance treatment of asthma in patients age 12 years and older.,asthma,?,?,,ucm471031,,90Z2UF0E52,,
1,,,,,,?,2/8/2006,Oncology,oncolytic virus,virus,Imlygic,talimogene laherparepvec,10/27/2015,"Indicated for the local treatment of unresectable cutaneous, subcutaneous, and nodal lesions in patients with melanoma recurrent after initial surgery",melanoma,?,First oncolytic virus cancer therapy,125518,ucm469571,,07730V90L6,,
1,1,1,1,1,,?,6/24/2010,Endocrinology,protein,enzyme,Strensiq,asfotase alfa,10/23/2015,"To treat perinatal, infantile and juvenile-onset hypophosphatasia (HPP).",Hypophosphatasia (HPP),?,First approved treatment for hypophosphatasia,,ucm468836,,Z633861EIM,,
,1,,,1,,?,11/1/1999,Oncology,chemical,small molecule,Yondelis,trabectedin,10/23/2015,To treat specific soft tissue sarcomas (STS) – liposarcoma and leiomyosarcoma – that cannot be removed by surgery (unresectable) or is advanced (metastatic).,soft tissue sarcoma,?,?,,,,ID0YZQ2TCP,Binding Agent,DNA
,,,,,,?,3/23/2009,Endocrinology,polymer,polymer,Veltassa,patiromer,10/21/2015,"To treat hyperkalemia, a serious condition in which the amount of potassium in the blood is too high.",hyperkalemia,?,?,,,,1FQ2RY5YHH,,
1,1,,1,1,1,?,9/17/2012,Hematology,protein,antibody,Praxbind,idarucizumab,10/16/2015,For use in patients who are taking the anticoagulant Pradaxa (dabigatran) during emergency situations when there is a need to reverse Pradaxa’s blood-thinning effects.,anticoagulant emergency,?,First reversal agent for the anticoagulant Pradaxa,,ucm467300,,97RWB5S1U6,,
1,,,,,,1971,11/8/2011,Neurology,chemical,small molecule,Aristada,aripiprazole lauroxil,10/6/2015,To treat adults with schizophrenia,schizophrenia,?,?,,ucm465801,,B786J7A343,Antagonist|Partial Agonist,Dopamine D2 receptor|Serotonin 1a (5-HT1a) receptor|Serotonin 2a (5-HT2a) receptor
,,,,,,?,1/25/2008,Endocrinology,protein,peptide,Tresiba,insulin degludec,9/25/2015,To improve blood sugar (glucose) control in adults with diabetes mellitus,diabetes mellitus,?,?,,,,54Q18076QB,,
,,1,,,,03/01/2006,6/17/2012,Oncology,chemical,small molecule,Lonsurf,tipiracil,9/22/2015,To treat patients with an advanced form of colorectal cancer who are no longer responding to other therapies,colorectal cancer,?,?,,,,NGO10K751P,Inhibitor,Thymidine phosphorylase
,,,,,,?,11/27/2006,Neurology,chemical,small molecule,Vraylar,cariprazine,9/17/2015,To treat schizophrenia and bipolar disorder in adults,"schizophrenia, bipolar disorder",?,?,,,,F6RJL8B278,Antagonist|Partial Agonist,Dopamine D2 receptor|Dopamine D3 receptor|Serotonin 1a (5-HT1a) receptor|Serotonin 2a (5-HT2a) receptor|Serotonin 2b (5-HT2b) receptor
1,1,,1,1,,?,1/28/2000,Hematology,chemical,small molecule,Xuriden,uridine triacetate,9/4/2015,To treat patients with hereditary orotic aciduria,hereditary orotic aciduria,?,First emergency treatment for overdose of certain types of chemotherapy,,ucm476919,,2WP61F175M,Interacts|Substrate,RNA|Uridine phosphorylase 1|Uridine-cytidine kinase|uridine phosphorylase 2
,,,,,,?,10/31/2006,Oncology,chemical,small molecule,Varubi,rolapitant,9/2/2015,To prevent delayed phase chemotherapy-induced nausea and vomiting (emesis),?,?,?,,,,NLE429IZUC,Antagonist|Binding Agent,Neurokinin 1 receptor|Neurokinin 2 receptor|Neurokinin 3 receptor
,1,,,,,?,1/7/2013,Endocrinology,protein,antibody,Repatha,evolocumab,8/27/2015,To treat certain patients with high cholesterol,high cholesterol,?,?,,,,LKC0U3A8NJ,,
1,,,,,,?,1/16/2006,Neurology,chemical,small molecule,Addyi,flibanserin,8/18/2015,"To treat acquired, generalized hypoactive sexual desire disorder (HSDD) in premenopausal women",hypoactive sexual desire disorder (HSDD),?,?,,,,37JK4STR6Z,Agonist|Antagonist,Dopamine D4 receptor|Serotonin 1a (5-HT1a) receptor|Serotonin 2a (5-HT2a) receptor
,,1,,1,,?,10/17/2007,Infectious disease,chemical,small molecule,Daklinza,daclatasvir,7/24/2015,To treat chronic hepatitis C virus (HCV) genotype 3 infections,hepatitis C,?,?,,,,LI2427F9CI,Inhibitor,Nonstructural protein 5A
,,,,,,?,4/9/2009,Oncology,chemical,small molecule,Odomzo,sonidegib,7/24/2015,"To treat patients with locally advanced basal cell carcinoma that has recurred following surgery or radiation therapy, or who are not candidates for surgery or radiation therapy.",basal cell carcinoma,?,?,,,,0RLU3VTK5M,Antagonist,Smoothened homolog
1,,,,,,?,11/20/2009,Endocrinology,protein,antibody,Praluent,alirocumab,7/24/2015,To treat certain patients with high cholesterol,high cholesterol,?,?,,,,PP0SHH6V16,,
,,,,,,?,11/24/2008,Neurology,chemical,small molecule,Rexulti,brexpiprazole,7/10/2015,To treat schizophrenia and as an add on to an antidepressant to treat major depressive disorder,schizophrenia,?,?,,,,2J3YBM1K8C,Antagonist|Partial Agonist,Alpha-1b adrenergic receptor|Alpha-2c adrenergic receptor|Dopamine D2 receptor|Dopamine D3 receptor|Serotonin 1a (5-HT1a) receptor|Serotonin 2a (5-HT2a) receptor|Serotonin 2b (5-HT2b) receptor
1,,1,,1,,?,10/5/2007,Cardiology,chemical,small molecule,Entresto,sacubitril,7/7/2015,To treat heart failure,heart failure,?,?,,,,17ERJ0MKGI,Inhibitor,Neprilysin
1,1,1,1,1,,?,3/18/2009,Respiratory,chemical,small molecule,Orkambi,lumacaftor,7/2/2015,To treat cystic fibrosis,cystic fibrosis,?,?,,,,EGP8L81APK,Activator|Chaperone,Cytochrome P450 3A|F508del-CFTR
,,,,,,?,1/31/2005,Cardiology,chemical,small molecule,Kengreal ,cangrelor,6/22/2015,To prevent the formation of harmful blood clots in the coronary arteries for adult patients undergoing percutaneous coronary intervention,prevention of blood clots,?,?,,,,6AQ1Y404U7,,
,,1,,1,,?,5/24/2010,Gastroenterology,chemical,small molecule,Viberzi,eluxadoline,5/27/2015,To treat irritable bowel syndrome with diarrhea (IBS-D) in adult men and women.,irritable bowel syndrome with diarrhea (IBS-D),?,?,,,,45TPJ4MBQ1,Agonist|Antagonist,Delta opioid receptor|Mu opioid receptor
1,,,,,,?,11/1/1999,Endocrinology,chemical,small molecule,Kybella,deoxycholic acid,4/29/2015,"To treat adults with moderate-to-severe fat below the chin, known as submental fat",?,?,Repurposed drug for cosmetic surgery,,ucm444978,,005990WHZZ,Agonist|Antagonist|Inhibitor,Bile acid receptor FXR|Formyl peptide receptor 1|G-protein coupled bile acid receptor 1|Staphylococcus aureus
1,,1,,1,,?,8/31/2005,Cardiology,chemical,small molecule,Corlanor ,ivabradine,4/15/2015,To reduce hospitalization from worsening heart failure.,?,?,?,,,,3H48L0LPZQ,Blocker,Potassium/sodium hyperpolarization-activated cyclic nucleotide-gated channel 1|Potassium/sodium hyperpolarization-activated cyclic nucleotide-gated channel 2|Potassium/sodium hyperpolarization-activated cyclic nucleotide-gated channel 3|Potassium/sodium hyperpolarization-activated cyclic nucleotide-gated channel 4
1,1,,,1,,?,10/18/1999,Gastroenterology,chemical,small molecule,Cholbam,cholic acid,3/17/2015,"To treat pediatric and adult patients with bile acid synthesis disorders due to single enzyme defects, and for patients with peroxisomal disorders",?,?,?,,,,G1JO7801AE,Agonist,Bile acid receptor FXR
1,1,,,1,,?,10/3/2012,Oncology,protein,antibody,Unituxin,dinutuximab,3/10/2015,To treat pediatric patients with high-risk neuroblastoma,neuroblastoma,?,?,,,,7SQY4ZUD30,,
,1,,,1,,?,3/15/2013,Infectious disease,chemical,small molecule,Cresemba,isavuconazonium sulfate,3/6/2015,"To treat adults with invasive aspergillosis and invasive mucormycosis, rare but serious infections","invasive aspergillosis, invasive mucormycosis",?,?,,,,31Q44514JV,Inhibitor,Lanosterol 14-alpha demethylase
,,1,,1,,?,7/14/2011,Infectious disease,chemical,small molecule,Avycaz,avibactam,2/25/2015,"To treat adults with complicated intra-abdominal infections (cIAI), in combination with metronidazole, and complicated urinary tract infections (cUTI), including kidney infections (pyelonephritis), who have limited or no alternative treatment options.",?,?,?,,,,7352665165,Inhibitor,Bacterial beta-lactamase TEM
,1,,,1,1,?,1/22/2007,Hematology,chemical,small molecule,Farydak,panobinostat,2/23/2015,To treat patients with multiple myeloma,myeloma,?,?,,,,9647FM7Y3Z,Inhibitor,Histone deacetylase 1|Histone deacetylase 2|Histone deacetylase 3|Histone deacetylase 4|Histone deacetylase 6|Histone deacetylase 8
,1,,,1,,?,7/15/2005,Oncology,chemical,small molecule,Lenvima,lenvatinib,2/13/2015,"To treat patients with progressive, differentiated thyroid cancer (DTC) whose disease progressed despite receiving radioactive iodine therapy (radioactive iodine refractory disease).",differentiated thyroid cancer (DTC),?,?,,,,EE083865G2,Antagonist,Fibroblast growth factor receptor 1|Fibroblast growth factor receptor 2|Fibroblast growth factor receptor 3|Platelet-derived growth factor receptor beta|Stem cell growth factor receptor|Vascular endothelial growth factor receptor 1|Vascular endothelial growth factor receptor 2|Vascular endothelial growth factor receptor 3
1,,,1,1,1,?,8/30/2005,Oncology,chemical,small molecule,Ibrance,palbociclib,2/3/2015,To treat advanced (metastatic) breast cancer,advanced (metastatic) breast cancer,?,?,,,,G9ZF61LE7G,Inhibitor,CDK4/Cyclin D3|CDK6/cyclin D2|Cyclin-dependent kinase 4/cyclin D1|MDA-MB-175-VII|ZR-75-30
,1,,,,,?,10/18/1999,Endocrinology,protein,peptide,Natpara,parathyroid hormone,1/23/2015,To control hypocalcemia (low blood calcium levels) in patients with hypoparathyroidism,?,?,?,,,,N19A0T0E5J,,
1,,,,,,?,12/21/2007,Dermatology,protein,antibody,Cosentyx,secukinumab,1/21/2015,To treat adults with moderate-to-severe plaque psoriasis,plaque psoriasis,?,?,,,,DLG4EML025,,
,,,,,,?,7/18/2007,Cardiology,chemical,small molecule,Savaysa,edoxaban,1/8/2015,To reduce the risk of stroke and dangerous blood clots (systemic embolism) in patients with atrial fibrillation that is not caused by a heart valve problem,?,?,?,,,,NDU3J18APO,Inhibitor,Coagulation factor X
,1,1,1,1,1,?,12/1/2009,Oncology,protein,antibody,Opdivo,nivolumab,12/22/2014,To treat patients with unresectable (cannot be removed by surgery) or metastatic (advanced) melanoma who no longer respond to other drugs,"unresectable melanoma, metastatic melanoma",PD-1 inhibitor,Pembrolizumab and Nivolumab are first to target PD-1,,,,31YO63LBSN,,
1,,1,1,1,,?,8/12/2010,Infectious disease,chemical,small molecule,Viekira Pak,ombitasvir,12/19/2014,"To treat patients with chronic hepatitis C virus (HCV) genotype 1 infection, including those with a type of advanced liver disease called cirrhosis",hepatitis C,"NS5A, NS3/4A, NS5B polymerase inhibitor",,,,,2302768XJ8,Inhibitor,Nonstructural protein 5A
,,1,,1,,?,5/13/2013,Infectious disease,chemical,small molecule,Zerbaxa,ceftolozane,12/19/2014,To treat adults with complicated intra-abdominal infections (cIAI) and complicated urinary tract infections (cUTI),?,Cephalosporin/beta-lactamase inhibitor,,,,,37A4IES95Q,Inhibitor,Bacterial penicillin-binding protein
,,1,,,,?,2/25/2006,Infectious disease,chemical,small molecule,Rapivab,peramivir,12/19/2014,To treat influenza infection in adults,influenza,Neuraminidase inhibitor,,,,,QW7Y7ZR15U,Inhibitor,Influenza A virus infection|Influenza Infection|UNIPROT:NRAM_I96A1
1,,1,1,1,,?,2/20/2009,Infectious disease,chemical,small molecule,Viekira Pak,paritaprevir,12/19/2014,"To treat patients with chronic hepatitis C virus (HCV) genotype 1 infection, including those with a type of advanced liver disease called cirrhosis",hepatitis C,"NS5A, NS3/4A, NS5B polymerase inhibitor",,,,,OU2YM37K86,,
1,,1,1,1,,?,6/11/2008,Infectious disease,chemical,small molecule,Viekira Pak,dasabuvir,12/19/2014,"To treat patients with chronic hepatitis C virus (HCV) genotype 1 infection, including those with a type of advanced liver disease called cirrhosis",hepatitis C,"NS5A, NS3/4A, NS5B polymerase inhibitor",,,,,DE54EQW8T1,Inhibitor,polyprotein
1,1,,,1,1,2005,6/27/2007,Oncology,chemical,small molecule,Lynparza,olaparib,12/19/2014,To treat advanced ovarian cancer,,PARP inhibitor,First inhibitor approved against PARP,,,,WOH1JD9AR8,Inhibitor,Poly [ADP-ribose] polymerase 1|Poly [ADP-ribose] polymerase 2|Poly [ADP-ribose] polymerase 3
,,,,1,,2007,7/25/2008,Infectious disease,chemical,small molecule,Xtoro,finafloxacin,12/17/2014,"To treat acute otitis externa, commonly known as swimmer’s ear",,Topoisomerase and DNA gyrase inhibition,,,,,D26OSN9Q4R,Inhibitor,DNA gyrase subunit A|DNA topoisomerase IV subunit A
1,1,,1,1,1,2002,9/28/2007,Hematology,protein,bispecific antibody,Blincyto,blinatumomab,12/3/2014,To treat patients with Philadelphia chromosome-negative precursor B-cell acute lymphoblastic leukemia (B-cell ALL),,CD19 and CD3 targeted,First bispecific antibody approval (CD19-CD3) ,,,,4FR53SIF3A,,
1,1,1,1,1,,?,11/3/1999,Respiratory,chemical,small molecule,Esbriet,pirfenidone,10/15/2014,For the treatment of idiopathic pulmonary fibrosis (IPF),,Unknown,novel; systemic antifibrotic activity,,,,D7NLD2JX7U,,
1,1,1,1,1,,2004,8/9/2007,Respiratory,chemical,small molecule,Ofev,nintedanib,10/15/2014,For the treatment of idiopathic pulmonary fibrosis (IPF),,"VEGF, FGFR, and PDGFR inhibitor",,,,,G6HRD2P839,Inhibitor,Vascular endothelial growth factor receptor 1|Vascular endothelial growth factor receptor 2|Vascular endothelial growth factor receptor 3
1,,1,1,1,,?,8/31/2010,Infectious disease,chemical,small molecule,Harvoni,ledipasvir,10/10/2014,To treat chronic hepatitis C virus (HCV) genotype 1 infection,hepatitis C,NS5A inhibitor/polymerase inhibitor,,,,,013TE6E4WV,Inhibitor,Nonstructural protein 5A
,,,,,,?,9/23/1999,Cardiology,chemical,small molecule,Lumason,sulfur hexafluoride,10/10/2014,For patients whose ultrasound image of the heart (echocardiograms) are hard to see with ultrasound waves,,Contrast imaging agent,,,,,WS7LR3I1D6,,
,,,,,,2007,4/19/2011,Oncology,chemical,small molecule,Akynzeo,netupitant,10/10/2014,To treat nausea and vomiting in patients undergoing cancer chemotherapy,,NK1 substance P receptor antagonist/5-HT3 receptor antagonist,,,,,7732P08TIR,Antagonist,Substance-P receptor
,,,,,,?,2/28/2008,Endocrinology,protein,peptide,Trulicity,dulaglutide,9/18/2014,To treat adults with type 2 diabetes.,,GLP-1 receptor agonist,,,,,WTT295HSY5,,
,,,,,,2007,1/11/2008,Oncology,chemical,small molecule,Movantik,naloxegol,9/16/2014,To treat opioid-induced constipation in adults with chronic non-cancer pain.,,Peripherally selective opioid antagonist,Incremental improvement; PEGlated naloxone,,,,44T7335BKE,Antagonist,Mu-type opioid receptor
1,1,,1,1,1,?,7/31/2010,Oncology,protein,antibody,Keytruda,pembrolizumab,9/4/2014,For treatment of patients with advanced or unresectable melanoma who are no longer responding to other drugs.,,PD-1 inhibitor,Pembrolizumab and Nivolumab are first to target PD-1,,,,DPT0O3T46P,,
,1,,,1,,?,8/6/2012,Endocrinology,chemical,small molecule,Cerdelga,eliglustat,8/19/2014,For the long-term treatment of adult patients with the Type 1 form of Gaucher disease,,Glucosylceramide synthase inhibitor,,,,,DR40J4WA67,Antagonist,Ceramide glucosyltransferase
,,,,,,2006,5/20/2009,Neurology,protein,PEGlated protein,Plegridy,peginterferon beta-1a,8/15/2014,For the treatment of patients with relapsing forms of multiple sclerosis,,Unknown,Incremental Improvement; PEGlated interferon beta-1a,,,,I8309403R0,,
1,,,,,,2007,11/10/2008,Neurology,chemical,small molecule,Belsomra,suvorexant,8/13/2014,To treat difficulty in falling and staying asleep (insomnia),,Orexin receptor antagonist,novel; first approved against orexin receptor,,,,081L192FO9,Antagonist,Orexin receptor type 1|Orexin receptor type 2
,,,,1,,?,8/8/2007,Infectious disease,chemical,glycopeptide,Orbactiv,oritavancin,8/6/2014,To treat adults with skin infections,,Cell membrane disrupter,,,,,PUG62FRZ2E,Inhibitor,Enterococcus faecium|Peptidoglycan|Staphylococcus aureus|Streptococcus pyogenes
,,,,,,2008,11/14/2007,Endocrinology,chemical,small molecule,Jardiance,empagliflozin,8/1/2014,To improve gylcemic control in adults with type 2 diabetes,,SGLT2 inhibitor,,,,,HDC1R2M35U,Antagonist,Sodium/glucose cotransporter 2
,,,,,,2006,10/29/2008,Respiratory,chemical,small molecule,Striverdi Respimat,olodaterol,7/31/2014,To treat chronic obstructive pulmonary disease,,LABA agonist,,,,,VD2YSN1AFD,Agonist,Beta-2 adrenergic receptor
1,1,1,1,1,1,2008,7/1/2008,Hematology,chemical,small molecule,Zydelig,idelalisib,7/23/2014,"(1) Relapsed chronic lymphocytic leukemia (CLL), in combination with rituximab, in patients for whom rituximab alone would be considered appropriate therapy due to other co-morbidities; and (2) Relapsed small lymphocytic lymphoma (SLL) in patients who have received at least two prior systemic therapies; (3) Relapsed follicular B-cell non-Hodgkin lymphoma (FL) in patients who have received at least two prior systemic therapies.",,PI3K delta inhibitor,novel; first approved against this target,,,,YG57I8T5M0,Antagonist,PI3-kinase p110-delta subunit
1,,,,,,?,5/15/2008,Infectious disease,chemical,small molecule,Kerydin,tavaborole,7/7/2014,For the topical treatment of onychomycosis of the toenails ,,tRNA synthetase inhibition,,,,,K124A4EUQ3,Antagonist,ENTREZ Gene ID: 10373705|ENTREZ Gene ID: 10373871
,1,1,,1,1,?,8/17/2005,Hematology,chemical,small molecule,Beleodaq,belinostat,7/3/2014,To treat patients with peripheral T-cell lymphoma (PTCL) ,,pan-HDAC inhibitor,,,,,F4H96P17NZ,Inhibitor,Histone deacetylase 1|Histone deacetylase 3
,,,,1,,?,9/22/2009,Infectious disease,chemical,small molecule,Sivextro,tedizolid phosphate,6/20/2014,To treat adults with skin infections,,Bacterial protein synthesis inhibitor,,,,,O7DRJ6R4DW,Antagonist|Inhibitor,Bacterial 70S ribosome
,,,,,,?,10/20/2008,Infectious disease,chemical,small molecule,Jublia,efinaconazole,6/6/2014,Treat mild to moderate onychomycosis (fungal infection),,14α-Demethylase inhibitor,,,,,J82SB7FXWB,Inhibitor,Lanosterol 14-alpha demethylase
,,1,,1,,?,3/31/2003,Infectious disease,chemical,glycopeptide,Dalvance,dalbavancin ,5/23/2014,To treat adults with skin infections,,Cell wall synthesis inhibition,,,,,808UI9MS5K,Inhibitor,Peptidoglycan
,,1,,1,,1997,2/11/2008,Gastroenterology,protein,antibody,Entyvio,vedolizumab,5/20/2014,To treat adult patients with moderate to severe ulcerative colitis and adult patients with moderate to severe Crohn‘s disease,,Integrin receptor antagonist,novel; targets Integrin α4β7,,,,9RV78Q2002,Antagonist,Integrin receptor
1,,1,,,,2004,9/6/2007,Cardiology,chemical,small molecule,Zontivity,vorapaxar,5/8/2014,To reduce the risk of heart attacks and stroke in high-risk patients,,PAR-1 antagonist,novel target; PAR-1 antagonist,,,,ZCE93644N2,Antagonist,Proteinase-activated receptor 1
,1,,1,1,1,?,1/24/2011,Hematology,chemical,small molecule,Zykadia,ceritinib,4/29/2014,To treat patients with anaplastic lymphoma kinase (ALK)-positive metastatic non-small cell lung cancer (NSCLC) who have progressed on or are intolerant to crizotinib,,ALK inhibitor,,,,,K418KG2GET,Antagonist,ALK tyrosine kinase receptor
1,1,,,1,,1998,10/6/2006,Hematology,protein,antibody,Sylvant,siltuximab,4/23/2014,"To treat patients with multicentric Castleman’s disease (MCD), a rare disorder similar to lymphoma (cancer of the lymph nodes)",,IL-6 inhibitor,"novel target, but just upstream of Tocilizumab",,,,T4H8FMA7IM,Inhibitor,Interleukin-6
,1,1,,1,,2005,11/1/2010,Oncology,protein,antibody,Cyramza,ramucirumab,4/21/2014,To treat patients with advanced stomach cancer or gastroesophageal junction adenocarcinoma,,VEGFR2 inhibitor,novel; VEGF and VEGFR1 anitbodies exist,,,,D99YVK4L0X,Inhibitor,VEGFR2
,,,,,,?,7/18/2006,Endocrinology,protein,peptide,Tanzeum,albiglutide,4/15/2014,"To improve glycemic control, along with diet and exercise, in adults with type 2 diabetes",,GLP-1 receptor agonist,,,,,5E7U48495E,Agonist,GLP-1 receptor
1,,,,,,2003,,Dermatology,chemical,small molecule,Otezla,apremilast,3/21/2014,To treat adults with active psoriatic arthritis (PsA),,PDE4 inhibitor,novel; no other PDE4 inhibitor seems to have activity in arthritis (Roflumilast is approved for COPD),,,,UP7QBP99PN,Inhibitor,Phosphodiesterase 4
,,,,,,?,9/9/2008,Neurology,chemical,small molecule,Neuraceq,florbetaben F 18,3/19/2014,For Positron EmissionTomography (PET) imaging of the brain,PET imaging diagnostic,Radioactive diagnostic,novel; AD plaque imaging,,,,TLA7312TOI,Binding Agent,Amyloid beta A4 protein
1,1,1,,1,,?,9/28/2005,Infectious disease,chemical,phospholipid,Impavido,miltefosine,3/19/2014,To treat a tropical disease called leishmaniasis,,Unknown,novel; various effects incl on AKT,,,,53EY29W7EC,Antagonist,UNIPROT: B7TYN7
1,1,1,,1,,1999,10/27/2001,Endocrinology,protein,peptide,Myalept,metreleptin,2/24/2014,To treat the complications of leptin deficiency,,Leptin receptor activation,novel; leptin not previously approved,,,,TL60C27RLH,Agonist,Leptin receptor
1,1,1,,1,1,?,10/18/1999,Neurology,chemical,small molecule,Northera,droxidopa,2/18/2014,To treat neurogenic orthostatic hypotension (NOH),,Prodrug of norepinephrine and epinephrine,"Incremental improvement, BBB-penetrant prodrug/precursor",,,,J7A92W69L7,Agonist,Adrenergic receptor
1,1,1,,1,,?,4/10/2009,Endocrinology,protein,enzyme,Vimizim,elosulfase alfa,2/14/2014,Treatment for Mucopolysaccharidosis Type IVA (Morquio A syndrome),,Enzyme replacement therapy,novel enzyme replacement therapy,,,,ODJ69JZG85,,
,1,,,1,,2006,2/3/2006,Neurology,chemical,small molecule,Hetlioz,tasimelteon,1/31/2014,To treat non-24- hour sleep-wake disorder (“non-24”) in totally blind individuals. Non-24 is a chronic circadian rhythm (body clock) disorder in the blind that causes problems with the timing of sleep.,,Melatonin receptor agonist,,,,,SHS4PU80D9,Agonist,Melatonin receptor type 1A|Melatonin receptor type 1B
,,,,,,2008,9/9/2005,Endocrinology,chemical,small molecule,Farxiga,dapagliflozin,1/8/2014,"To improve glycemic control, along with diet and exercise, in adults with type 2 diabetes",,SGLT2 inhibitor,,,,,1ULL0QJ8UC,Inhibitor,Sodium/glucose cotransporter 2
,,,,,,?,5/16/2007,Respiratory,chemical,small molecule,Anoro Ellipta,umeclidinium,12/18/2013,"For the once-daily, long-term maintenance treatment of airflow obstruction in patients with chronic obstructive pulmonary disease (COPD).",,?,?,,,,GE2T1418SV,Antagonist,Muscarinic acetylcholine receptor M3
1,,1,1,1,,2007,1/21/2010,Infectious disease,chemical,small molecule,Sovaldi,sofosbuvir,12/6/2013,To treat chronic hepatitis C virus (HCV) infection.,hepatitis C,?,?,,,,WJ6CA3ZU8B,Inhibitor|Substrate,Acyl coenzyme A:cholesterol acyltransferase|Hepatitis C virus|Lysosomal protective protein
,,1,,1,,2007,11/19/2007,Infectious disease,chemical,small molecule,Olysio,simeprevir,11/22/2013,To treat chronic hepatitis C virus infection.,hepatitis C,?,?,,,,9WS5RD66HZ,Inhibitor,NS3/4A protease
,,,,,,?,3/25/2009,Infectious disease,chemical,small molecule,Luzu,luliconazole,11/14/2013,"For the topical treatment of interdigital tinea pedis, tinea cruris, and tinea corporis caused by the organisms Trichophyton rubrum and Epidermophyton floccosum, in patients 18 years of age and older.",,?,?,,,,RE91AN4S8G,,
1,1,1,1,1,1,2009,2/20/2009,Hematology,chemical,small molecule,Imbruvica,ibrutinib,11/13/2013,"To treat patients with mantle cell lymphoma (MCL), a rare and aggressive type of blood cancer.",mantle cell lymphoma,?,?,,,,1X70OSD4VX,Inhibitor,Tyrosine-protein kinase BTK
,,,,,,2000,3/18/2009,Neurology,chemical,small molecule,Aptiom,eslicarbazepine acetate,11/8/2013,As an add-on medication to treat seizures associated with epilepsy.,,?,?,,,,BEA68ZVB2K,Antagonist,Sodium channel alpha subunit
,1,,1,1,,2008,8/16/2007,Hematology,protein,antibody,Gazyva,obinutuzumab,11/1/2013,For use in combination with chlorambucil to treat patients with previously untreated chronic lymphocytic leukemia (CLL).,,?,?,,,,O43472U9X8,,
,,,,,,10/24/2007,5/23/2012,Neurology,chemical,small molecule,Vizamyl,flutemetamol F-18,10/25/2013,A radioactive diagnostic drug for use with positron emission tomography (PET) imaging of the brain in adults being evaluated for Alzheimer's disease (AD) and dementia.,Alzheimer's disease diagnostic,?,?,,,,L49M066S0O,Binding Agent,Amyloid beta A4 protein
,1,,,,,2003,4/14/2008,Hematology,chemical,small molecule,Opsumit,macitentan,10/18/2013,"To treat adults with pulmonary arterial hypertension (PAH), a chronic, progressive and debilitating disease that can lead to death or the need for lung transplantation.",,?,?,,,,Z9K9Y9WMVL,Antagonist,Endothelin B receptor|Endothelin-1 receptor
1,1,,,1,,2005,3/28/2007,Hematology,chemical,small molecule,Adempas,riociguat,10/8/2013,To treat adults with two forms of pulmonary hypertension.,,?,?,,,,RU3FE2Y4XI,Agonist,Soluble guanylate cyclase
,,,,,,?,10/5/2005,Endocrinology,chemical,small molecule,Duavee,bazedoxifene,10/3/2013,To treat moderate-to-severe hot flashes (vasomotor symptoms) associated with menopause and to prevent osteoporosis after menopause.,,?,?,,,,Q16TT9C5BK,Modulator,Estrogen receptor|Estrogen receptor beta
,,,,,,?,5/2/2008,Neurology,chemical,small molecule,Brintellix,vortioxetine,9/30/2013,To treat adults with major depressive disorder.,,?,?,,,,3O2K1S3WQV,Antagonist,5-hydroxytryptamine receptor 1A|5-hydroxytryptamine receptor 1B|5-hydroxytryptamine receptor 1D|5-hydroxytryptamine receptor 3A|5-hydroxytryptamine receptor 7
,,1,,1,,2007,7/26/2002,Infectious disease,chemical,small molecule,Tivicay,dolutegravir,8/12/2013,To treat HIV-1 infection.,,?,?,,,,DKO1W9H7M1,Inhibitor,UNIPROT: Q7ZJM1
,1,1,,1,,2004,1/22/2007,Oncology,chemical,small molecule,Gilotrif,afatinib,7/12/2013,"For patients with late stage (metastatic) non-small cell lung cancer (NSCLC) whose tumors express specific types of epidermal growth factor receptor (EGFR) gene mutations, as detected by an FDA-approved test.",,?,?,,,,41UD74L59M,Antagonist,Epidermal growth factor receptor|Receptor tyrosine-protein kinase erbB-2|Receptor tyrosine-protein kinase erbB-4
,1,1,,,,?,4/9/2009,Oncology,chemical,small molecule,Tafinlar,dabrafenib,5/29/2013,To treat patients with melanoma whose tumors express the BRAF V600E gene mutation.,,?,?,,,,QGP4HA4G1B,Inhibitor,Serine/threonine-protein kinase B-raf
1,1,1,,,,2008,5/28/2008,Oncology,chemical,small molecule,Mekinist,trametinib,5/29/2013,To treat patients whose tumors express the BRAF V600E or V600K gene mutations.,,?,?,,,,33E86K87QN,Antagonist,Dual specificity mitogen-activated protein kinase kinase 1|Dual specificity mitogen-activated protein kinase kinase 2
1,,1,,1,,?,6/13/2006,Oncology,chemical,small molecule,Xofigo,radium Ra 223 dichloride,5/15/2013,To treat men with symptomatic late-stage (metastatic) castration-resistant prostate cancer that has spread to bones but not to other organs.,,?,?,,,,RJ00KV3VTG,,
,,,,,,?,6/29/2006,Respiratory,chemical,small molecule,Breo Ellipta,vilanterol,5/10/2013,"For the long-term, once-daily, maintenance treatment of airflow obstruction in patients with chronic obstructive pulmonary disease (COPD), including chronic bronchitis and/or emphysema.",,?,?,,,,028LZY775B,Agonist,"adrenoceptor beta 2, surface"
1,,,,,,2006,3/21/2008,Endocrinology,chemical,small molecule,Invokana,canagliflozin,3/29/2013,"Used with diet and exercise, to improve glycemic control in adults with type 2 diabetes.",,?,?,,,,0SAC974Z85,Inhibitor,Sodium/glucose cotransporter 2
1,,,,,,1999,9/9/2005,Neurology,chemical,small molecule,Tecfidera,dimethyl fumarate,3/27/2013,To treat adults with relapsing forms of multiple sclerosis (MS).,,?,?,,,,FO2303MNI2,,
,,,,1,,?,3/4/2008,Neurology,chemical,small molecule,Dotarem,gadoterate meglumine,3/20/2013,"For use in magnetic resonance imaging (MRI) of the brain, spine and associated tissues of patients ages 2 years and older.",,?,?,,,,L0ND3981AG,,
,,,,,,?,9/13/2005,Oncology,polymer,polydisperse oligonucleotide,Lymphoseek,technetium Tc 99m tilmanocept,3/13/2013,A radioactive diagnostic imaging agent that helps doctors locate lymph nodes in patients with breast cancer or melanoma who are undergoing surgery to remove tumor-draining lymph nodes.,breast cancer diagnostic,?,?,,,,8IHI69PQTC,Binding Agent,Macrophage mannose receptor 1
,,,,,,2001,1/10/2006,Neurology,chemical,small molecule,Osphena,ospemifene,2/26/2013,"To treat women experiencing moderate to severe dyspareunia (pain during sexual intercourse), a symptom of vulvar and vaginal atrophy due to menopause.",,?,?,,,,B0P231ILBK,Modulator,Estrogen receptor|Estrogen receptor beta
1,,1,,1,,2006,7/27/2007,Oncology,protein,antibody,Kadcyla,ado-trastuzumab emtansine,2/22/2013,"For patients with HER2-positive, late-stage (metastatic) breast cancer.",,?,3rd antibody-drug conjugate to win FDA approval,,,,SE2KH7T06F,Blocker,Receptor tyrosine-protein kinase erbB-2
,1,1,,,1,?,11/7/2003,Hematology,chemical,small molecule,Pomalyst,pomalidomide,2/8/2013,To treat patients with multiple myeloma whose disease progressed after being treated with other cancer drugs.,,?,?,,,,D2UX06XLB5,Inhibitor,tumor necrosis factor
1,1,,,,,2003,9/19/2005,Endocrinology,antisense oligomer,antisense oligo,Kynamro,mipomersen sodium,1/29/2013,To treat patients with a rare type of high cholesterol called homozygous familial hypercholesterolemia (HoFH).,,?,First antisense drug approved,,,,18EAY4870E,,
,,,,,,?,2/1/2006,Endocrinology,chemical,small molecule,Nesina,alogliptin,1/25/2013,To improve blood sugar control in adults with type 2 diabetes.,,?,?,,,,JHC049LO86,Inhibitor,Dipeptidyl peptidase 4
1,,1,,1,,1993,11/2/1999,Infectious disease,polymer,polymer,Fulyzaq,crofelemer,12/31/2012,"To treat HIV/AIDS patients whose diarrhea is not caused by an infection from a virus, bacteria, or parasite.",diarrhea in HIV/AIDS patients,?,?,,,,PY79D6C8RX,Inhibitor,Anoctamin-1|Cystic fibrosis transmembrane conductance regulator
1,1,,,1,1,?,7/26/2002,Respiratory,chemical,small molecule,Sirturo,bedaquiline,12/28/2012,As part of combination therapy to treat adults with multi-drug resistant pulmonary tuberculosis (TB) when other alternatives are not available.,tuberculosis,?,First new drug for tuberculosis in 40 years,,,,78846I289Y,Inhibitor,ATP synthase subunit c
,,,,1,,2004,11/22/2004,Cardiology,chemical,small molecule,Eliquis,apixaban,12/28/2012,To reduce the risk of stroke and dangerous blood clots (systemic embolism) in patients with atrial fibrillation that is not caused by a heart valve problem.,,?,?,,,,3Z9Y7UWC1J,Inhibitor,Coagulation factor X
1,1,,,,,2005,5/14/2007,Endocrinology,chemical,small molecule,Juxtapid,lomitapide,12/21/2012,"To reduce low-density lipoprotein (LDL) cholesterol, total cholesterol, apolipoprotein B, and non-high-density lipoprotein (non-HDL) cholesterol in patients with homozygous familial hypercholesterolemia (HoFH).",,?,?,,,,82KUB0583F,Inhibitor,Microsomal triglyceride transfer protein large subunit
1,1,,,,,1998,11/11/2003,Gastroenterology,protein,peptide,Gattex,teduglutide,12/21/2012,To treat adults with short bowel syndrome (SBS) who need additional nutrition from intravenous feeding (parenteral nutrition).,,?,?,,,,7M19191IKG,Agonist,Glucagon-like peptide 2 receptor
,1,,,1,1,2008,4/15/2008,Hematology,chemical,small molecule,Iclusig,ponatinib,12/14/2012,"To treat adults with chronic myeloid leukemia (CML) and Philadelphia chromosome positive acute lymphoblastic leukemia (Ph+ ALL), two rare blood and bone marrow diseases.",,?,?,,,,4340891KFS,Inhibitor,Breakpoint cluster region protein|Tyrosine-protein kinase ABL1
1,1,1,,1,,2003,3/13/2008,Infectious disease,protein,antibody,raxibacumab,raxibacumab,12/14/2012,"To treat inhalational anthrax, a form of the infectious disease caused by breathing in the spores of the bacterium Bacillus anthracis.",,?,?,,,,794PGL549S,,
,1,1,,1,,2001,7/30/2004,Endocrinology,chemical,peptide,Signifor,pasireotide,12/14/2012,To treat Cushing’s disease patients who cannot be helped through surgery,,?,?,,,,98H1T17066,Agonist,Somatostatin receptor 1|Somatostatin receptor 2|Somatostatin receptor 3|Somatostatin receptor 5
,1,1,,1,,2005,4/11/2011,Oncology,chemical,small molecule,Cometriq,cabozantinib,11/29/2012,To treat medullary thyroid cancer that has spread to other parts of the body (metastasized).,,?,?,,,,1C39JW444G,Inhibitor,Hepatocyte growth factor receptor|Proto-oncogene tyrosine-protein kinase receptor Ret|Vascular endothelial growth factor receptor 2
,,,,,,2003,3/28/2005,Rheumatology,chemical,small molecule,Xeljanz,tofacitinib,11/6/2012,"To treat adults with moderately to severely active rheumatoid arthritis (RA) who have had an inadequate response to, or who are intolerant of, methotrexate.",,?,?,,,,87LA6FU830,Inhibitor,Tyrosine-protein kinase JAK1|Tyrosine-protein kinase JAK2|Tyrosine-protein kinase JAK3
1,1,1,,,1,?,11/1/1999,Hematology,chemical,small molecule,Synribo,omacetaxine mepesuccinate,10/26/2012,"To treat adults with chronic myelogenous leukemia (CML), a blood and bone marrow disease.",,?,?,,,,6FG8041S5B,Antagonist,60S ribosomal protein L3
1,,,,,,2003,9/1/2005,Neurology,chemical,small molecule,Fycompa,perampanel,10/22/2012,To treat partial onset seizures in patients with epilepsy ages 12 years and older.,,?,?,,,,H821664NPK,Antagonist,Glutamate receptor ionotropic AMPA
1,,,,,,2002,7/21/2005,Opthamology,protein,peptide,Jetrea,ocriplasmin,10/17/2012,To treat an eye condition called symptomatic vitreomacular adhesion (VMA).,,?,?,,,,7V6HE3DM5A,,
,,1,,1,,?,4/17/2008,Oncology,chemical,small molecule,Stivarga,regorafenib,9/27/2012,To treat patients with colorectal cancer that has progressed after treatment and spread to other parts of the body (metastatic).,,?,?,,,,24T2A1DOYB,Inhibitor,Proto-oncogene tyrosine-protein kinase receptor Ret|RAF proto-oncogene serine/threonine-protein kinase|Vascular endothelial growth factor receptor 2
,,,,1,,?,6/27/2008,Oncology,chemical,small molecule,Choline C 11 Injection,choline C-11,9/12/2012,A Positron Emission Tomography (PET) imaging agent used to help detect recurrent prostate cancer.,,?,?,,,,M4AS4XGD4Q,,
,,,,,,2000,8/23/2005,Neurology,chemical,small molecule,Aubagio,teriflunomide,9/12/2012,For the treatment of adults with relapsing forms of multiple sclerosis (MS).,,?,?,,,,1C058IKG3B,,
,1,,,,,2005,9/12/2005,Hematology,chemical,small molecule,Bosulif,bosutinib,9/4/2012,"To treat chronic myelogenous leukemia (CML), a blood and bone marrow disease that usually affects older adults.",,?,?,,,,5018V4AEZ0,Inhibitor,Proto-oncogene tyrosine-protein kinase Src|Tyrosine-protein kinase ABL1
,,1,,1,,2007,12/20/2005,Oncology,chemical,small molecule,Xtandi,enzalutamide,8/31/2012,"To treat men with late-stage (metastatic) castration-resistant prostate cancer that has spread or recurred, even with medical or surgical therapy to minimize testosterone.",,?,?,,,,93T0T9GKNU,Inhibitor,Androgen Receptor
1,,,,,,2004,8/5/2008,Gastroenterology,protein,peptide,Linzess,linaclotide,8/30/2012,To treat chronic idiopathic constipation and to treat irritable bowel syndrome with constipation (IBS-C) in adults.,,?,?,,,,N0TXR0XR5X,Agonist,Heat-stable enterotoxin receptor
,,,,,,2004,10/18/1999,Oncology,protein,peptide,Neutroval,tbo-filgrastim,8/29/2012,"To reduce the time certain patients receiving cancer chemotherapy experience severe neutropenia, a decrease in infection-fighting white blood cells called neutrophils.",,?,?,,,,PVI5M0M1GW,,
,,1,,,,?,7/26/2002,Infectious disease,chemical,small molecule,Stribild,elvitegravir,8/27/2012,A once-a-day combination pill to treat HIV-1 infection in adults who have never been treated for HIV infection.,,?,?,,,,4GDQ854U53,Inhibitor,Human immunodeficiency virus type 1 integrase
1,,1,,,,?,7/26/2002,Infectious disease,chemical,small molecule,Stribild,cobicistat,8/27/2012,A once-a-day combination pill to treat HIV-1 infection in adults who have never been treated for HIV infection.,,?,?,,,,LW2E03M5PG,Inhibitor,Cytochrome P450 3A
,,,,1,,2001,1/30/2006,Oncology,protein,antibody,Zaltrap,ziv-aflibercept,8/3/2012,"For use in combination with a FOLFIRI (folinic acid, fluorouracil and irinotecan) chemotherapy regimen to treat adults with colorectal cancer.",,?,?,,,,15C2VL427D,,
,,,,,,2002,7/28/2006,Respiratory,chemical,small molecule,Tudorza Pressair,aclidinium bromide,7/23/2012,"For the long-term maintenance treatment of bronchospasm associated with chronic obstructive pulmonary disease (COPD), including chronic bronchitis and emphysema.",,?,?,,,,UQW7UF9N91,Antagonist,Muscarinic acetylcholine receptor M3
,1,,,,1,2005,9/6/2005,Hematology,chemical,antibody,Kyprolis,carfilzomib,7/20/2012,"To treat patients with multiple myeloma who have received at least two prior therapies, including treatment with Velcade (bortezomib) and an immunomodulatory.",,?,?,,,,72X6E3J5AR,Inhibitor,26S proteosome
,,,,,,?,9/25/2006,Gastroenterology,chemical,small molecule,Prepopik,sodium picosulfate,7/16/2012,To help cleanse the colon in adults preparing for colonoscopy.,,?,?,,,,LR57574HN8,Binding Agent,colonic mucosa
1,,,,,,2004,6/14/2006,Neurology,chemical,small molecule,Myrbetriq,mirabegron,6/28/2012,To treat adults with overactive bladder.,,?,?,,,,MVR3JL3B2V,Agonist,Beta-3 adrenergic receptor
1,,,,,,2004,3/1/2005,Endocrinology,chemical,small molecule,Belviq,lorcaserin hydrochloride,6/27/2012,For chronic weight management.,,?,?,,,,0QJF08GDPE,Agonist,Serotonin 2c (5-HT2c) receptor
,,,,1,,2001,11/15/2001,Oncology,protein,antibody,Perjeta,pertuzumab,6/8/2012,To treat patients with HER2-positive late-stage (metastatic) breast cancer.,,?,?,,,,K16AIQ8CTM,,
,1,1,,,,2004,11/23/2005,Endocrinology,protein,enzyme,Elelyso,taliglucerase alfa,5/1/2012,"For long-term enzyme replacement therapy to treat a form of Gaucher disease, a rare genetic disorder",,?,?,,,,0R4NLX88O4,,
,,,,,,2000,10/6/2008,Neurology,chemical,small molecule,Stendra,avanafil,4/27/2012,To treat erectile dysfunction.,,?,?,,,,DR5S136IVO,Inhibitor,Phosphodiesterase 5A
,,,,1,,?,6/19/2008,Neurology,chemical,small molecule,Amyvid,Florbetapir F 18,4/6/2012,Used as a radioactive diagnostic agent for Positron Emission Tomography (PET) imaging of the brain to estimate β-amyloid neuritic plaque density in adult patients with cognitive impairment who are being evaluated for Alzheimer’s Disease (AD) and other causes of cognitive decline.,Alzheimer's disease diagnostic,?,?,,,,6W15Z5R0RU,,
,,,,,,2004,11/30/2004,Hematology,protein,peptide,Omontys,peginesatide,3/27/2012,"To treat anemia, a condition in which the body does not have enough healthy red blood cells, in adult dialysis patients who have chronic kidney disease (CKD).",,?,?,,,,JX56W9N61Q,Activator,Erythropoietin receptor
,,,,,,1994,7/6/2009,Respiratory,protein,peptide,Surfaxin,sinapultide,3/6/2012,"For the prevention of respiratory distress syndrome (RDS), a breathing disorder that affects premature infants.",,?,?,,,,040X3AX99T,,
,,,,,,2000,1/8/2008,Opthamology,chemical,small molecule,Zioptan,tafluprost,2/10/2012,For reducing elevated intraocular pressure in patients with open-angle glaucoma or ocular hypertension.,,?,?,,,,1O6WQ6T7G3,Agonist,Prostanoid FP receptor
1,1,1,,1,,2006,4/5/2007,Respiratory,chemical,small molecule,Kalydeco,ivacaftor,1/31/2012,For the treatment of a rare form of cystic fibrosis (CF) in patients ages 6 years and older who have the specific G551D mutation in the Cystic Fibrosis Transmembrane Regulator (CFTR) gene.,,?,First medicine to treat the underlying cause of cystic fibrosis,,ucm559212,,1Y740ILL1Z,Activator,Cystic fibrosis transmembrane conductance regulator
1,,1,,1,,2007,1/31/2008,Oncology,chemical,antibody,Erivedge,vismodegib,1/30/2012,"To treat adult patients with basal cell carcinoma, the most common type of skin cancer.",,?,?,,,,25X868M3DS,Antagonist|Inhibitor,Smoothened homolog
,,,,,,2004,10/9/2003,Oncology,chemical,small molecule,Inlyta,axitinib,1/27/2012,To treat patients with advanced kidney cancer (renal cell carcinoma) who have not responded to another drug for this type of cancer.,,?,?,,,,C9LVQ0YUXG,,
1,,,,,,2004,4/11/2005,Dermatology,chemical,small molecule,Picato,ingenol mebutate,1/23/2012,For the topical treatment of actinic keratosis.,,?,?,,,,7686S50JAH,,
1,1,1,,1,,2004,7/11/2001,Hematology,protein,enzyme,Voraxaze,glucarpidase,1/17/2012,To treat patients with toxic levels of methotrexate in their blood due to kidney failure.,,?,?,,,,2GFP9BJD79,Hydrolytic Enzyme,Methotrexate
